-- phpMyAdmin SQL Dump
-- version 4.8.5
-- https://www.phpmyadmin.net/
--
-- Host: 127.0.0.1
-- Waktu pembuatan: 13 Jul 2023 pada 11.16
-- Versi server: 10.1.38-MariaDB
-- Versi PHP: 5.6.40

SET SQL_MODE = "NO_AUTO_VALUE_ON_ZERO";
SET AUTOCOMMIT = 0;
START TRANSACTION;
SET time_zone = "+00:00";


/*!40101 SET @OLD_CHARACTER_SET_CLIENT=@@CHARACTER_SET_CLIENT */;
/*!40101 SET @OLD_CHARACTER_SET_RESULTS=@@CHARACTER_SET_RESULTS */;
/*!40101 SET @OLD_COLLATION_CONNECTION=@@COLLATION_CONNECTION */;
/*!40101 SET NAMES utf8mb4 */;

--
-- Database: `db_penilaian`
--

-- --------------------------------------------------------

--
-- Struktur dari tabel `tb_karyawan`
--

CREATE TABLE `tb_karyawan` (
  `id` int(11) NOT NULL,
  `nama` varchar(45) NOT NULL,
  `rfid` varchar(20) NOT NULL,
  `created_date` datetime NOT NULL,
  `update_date` datetime DEFAULT NULL,
  `deleted_date` datetime DEFAULT NULL
) ENGINE=InnoDB DEFAULT CHARSET=latin1;

--
-- Dumping data untuk tabel `tb_karyawan`
--

INSERT INTO `tb_karyawan` (`id`, `nama`, `rfid`, `created_date`, `update_date`, `deleted_date`) VALUES
(0, 'DATA PEKERJA TIDAK MASUK', '000000', '2019-12-11 14:15:22', '2020-12-14 08:33:39', NULL),
(2, 'M FADILAH FAJAR', '000002', '2019-12-11 14:15:22', '2020-12-14 08:33:39', NULL),
(3, 'MISDAWATI', '000003', '2019-12-11 14:15:58', '2021-10-25 16:06:41', NULL),
(4, 'DWI ADMINI', '000004', '2019-12-11 14:16:34', '2021-06-15 13:51:56', NULL),
(5, 'SAFITRIANI', '000005', '2019-12-11 14:17:15', '2020-12-14 08:38:13', NULL),
(6, 'UMI KULSUM', '000006', '2019-12-11 14:17:54', '2020-12-14 08:38:46', NULL),
(7, 'SUWARNI', '000007', '2019-12-11 14:18:16', '2020-12-14 08:39:04', NULL),
(8, 'RATIKA', '000008', '2019-12-11 14:18:38', '2020-12-14 08:39:26', NULL),
(10, 'NANI NURAENI', '000010', '2019-12-11 14:19:40', '2020-12-14 08:40:38', NULL),
(31, 'YULIANI HAREFA', '000001', '2019-12-12 07:53:28', '2020-12-14 08:41:04', NULL),
(32, 'NURHALIPAH', '000011', '2019-12-12 07:54:20', '2020-12-14 08:41:44', NULL),
(33, 'MAMAN SUWITO', '000012', '2019-12-12 07:54:43', '2020-12-14 08:42:17', NULL),
(34, '-', '000013', '2019-12-12 07:55:05', '2021-06-15 13:39:08', NULL),
(35, '', '000014', '2019-12-12 07:55:23', '2020-06-05 10:24:30', NULL),
(36, 'ROHATI HARIFAH', '000015', '2019-12-12 07:55:54', '2020-12-14 08:43:16', NULL),
(37, 'Sunarti', '000016', '2019-12-12 07:56:35', '2022-01-10 14:15:42', NULL),
(38, 'LILIS ROSASARI', '000017', '2019-12-12 07:57:20', '2020-12-14 08:44:31', NULL),
(39, 'SRI YANTI', '000018', '2019-12-12 07:57:45', '2020-12-14 08:45:03', NULL),
(40, 'MUSLIHAH BT', '000019', '2019-12-12 07:58:09', '2020-12-14 08:45:53', NULL),
(41, 'DESSY NURAQIDAH', '000020', '2019-12-12 08:24:49', '2020-12-14 08:46:32', NULL),
(42, 'Miftahul arif', '000021', '2019-12-12 08:25:23', '2021-09-29 15:15:49', NULL),
(43, '-', '000022', '2019-12-12 08:25:47', '2021-12-23 16:01:20', NULL),
(44, 'SUMIATI', '000023', '2019-12-12 08:26:26', '2020-12-14 08:51:18', NULL),
(45, '-', '-', '2021-02-09 16:10:52', NULL, '2021-03-15 11:23:00'),
(46, 'NITA PUSPITA', '000025', '2019-12-12 08:27:49', '2020-12-14 08:59:30', NULL),
(47, 'YULIANI YOKO', '000026', '2019-12-12 08:28:17', '2020-12-14 09:00:05', NULL),
(48, 'TURASIH', '000027', '2019-12-12 08:28:49', '2022-01-17 15:07:30', NULL),
(49, '-', '000028', '2019-12-12 08:34:59', '2020-12-14 09:01:23', NULL),
(50, 'RENCING', '000029', '2019-12-12 08:53:14', '2020-12-14 09:01:56', NULL),
(51, 'IIN SURYANAH', '000030', '2019-12-12 08:54:06', '2020-12-14 09:02:23', NULL),
(52, 'ERO', '000031', '2019-12-12 08:55:29', '2020-12-14 09:02:54', NULL),
(53, 'HARSIH', '000032', '2019-12-12 08:56:46', '2020-12-14 09:03:25', NULL),
(54, '-', '000033', '2019-12-12 08:57:17', '2020-12-14 09:03:59', NULL),
(55, '-', '000034', '2019-12-12 08:57:40', '2021-12-24 14:33:34', NULL),
(56, 'NITA RIANI', '000035', '2019-12-12 08:58:06', '2020-12-14 09:04:30', NULL),
(57, 'EVA JUNITA', '000036', '2019-12-12 08:58:31', '2022-01-21 10:08:56', NULL),
(58, 'MARYAM', '000037', '2019-12-12 08:58:48', '2020-12-14 09:05:54', NULL),
(59, 'PIPIT SETIANTO', '000038', '2019-12-12 09:05:41', '2020-12-14 09:06:24', NULL),
(60, '-', '000039', '2019-12-13 08:18:15', '2020-06-03 09:06:42', NULL),
(61, '-', '000040', '2019-12-13 08:18:33', NULL, NULL),
(62, 'SULISTARI', '000041', '2019-12-13 08:33:52', '2021-09-30 14:46:25', NULL),
(63, '-', '000042', '2019-12-13 08:34:26', '2021-02-11 14:28:08', NULL),
(64, 'EVY SETYONINGSIH', '000043', '2019-12-13 08:34:47', '2020-12-15 16:37:59', NULL),
(65, '-', '000044', '2019-12-13 08:36:04', '2021-12-24 14:37:10', NULL),
(66, 'NURLELA', '000045', '2019-12-13 09:07:38', '2021-06-24 09:22:03', NULL),
(67, '-', '000084', '2019-12-13 09:08:00', '2021-07-19 15:14:32', NULL),
(68, '-', '000047', '2019-12-13 09:08:26', '2021-02-22 11:49:02', NULL),
(70, '-', '000049', '2019-12-13 09:09:36', '2021-12-24 14:34:20', NULL),
(71, '-', '000050', '2019-12-13 09:10:38', '2021-12-24 14:34:48', NULL),
(72, 'ADE PUTRI SITANGGANG', '000051', '2019-12-13 09:11:52', '2020-12-15 16:40:47', NULL),
(73, 'MANISEM', '000052', '2019-12-13 09:14:32', '2020-12-15 16:41:37', NULL),
(74, '-', '000053', '2019-12-13 09:16:57', '2020-12-15 16:42:46', NULL),
(75, '-', '000054', '2019-12-13 09:17:29', '2021-12-24 14:35:44', NULL),
(77, 'NURUDIN', '000056', '2019-12-13 09:18:53', '2020-12-15 16:44:32', NULL),
(78, 'ERITA SITEPU', '000057', '2019-12-13 09:19:34', '2020-12-15 16:45:18', NULL),
(79, 'PARYATI', '000158', '2019-12-13 09:19:58', '2021-10-08 08:45:38', NULL),
(80, 'SUWARTI', '000059', '2019-12-13 09:20:20', '2020-12-15 16:46:35', NULL),
(81, '-', '000060', '2019-12-13 09:20:46', '2020-11-23 16:18:13', NULL),
(82, 'KARTI', '000061', '2019-12-13 09:21:33', '2020-12-15 16:47:11', NULL),
(83, '-', '000062', '2019-12-13 09:22:10', '2022-01-22 12:39:51', NULL),
(84, 'SITI HALIMAH', '000063', '2019-12-13 09:22:43', '2020-12-15 16:50:49', NULL),
(85, 'SITI NURLAILA', '000064', '2019-12-13 09:23:13', '2020-12-15 16:51:37', NULL),
(86, 'ERIK JUNIAWAN', '000065', '2019-12-13 09:23:54', '2020-12-15 16:54:27', NULL),
(87, 'LINA', '000066', '2019-12-13 09:24:21', '2020-12-15 16:55:01', NULL),
(88, 'SITI TARWIYATI', '000067', '2019-12-13 09:25:02', '2020-12-15 16:55:32', NULL),
(89, 'JEMAH', '000068', '2019-12-13 09:25:24', '2021-06-08 11:16:43', NULL),
(90, 'TURINI', '000069', '2019-12-13 09:25:50', '2021-01-08 08:40:28', NULL),
(91, 'ERNI SUSILAWATI', '000070', '2019-12-13 09:26:26', '2020-12-15 16:57:23', NULL),
(92, 'ARI NURHARTANTI', '000071', '2019-12-13 09:26:56', '2022-01-22 08:49:21', NULL),
(93, 'MISGA', '000072', '2019-12-13 09:27:12', '2020-12-15 16:58:37', NULL),
(94, '-', '000157', '2019-12-13 09:27:34', '2020-08-22 11:16:39', NULL),
(95, 'MINARSIH', '000074', '2019-12-13 09:28:04', '2020-12-15 16:59:03', NULL),
(96, '-', '000075', '2019-12-13 09:28:48', '2021-12-24 14:38:19', NULL),
(97, 'HERNI', '000076', '2019-12-13 09:29:07', '2021-03-01 13:21:21', NULL),
(98, 'NENTI', '000077', '2019-12-13 09:29:39', '2021-11-13 12:09:38', NULL),
(99, 'YANI', '000078', '2019-12-13 09:29:53', '2020-12-15 17:01:09', NULL),
(100, 'EUIS TATI R', '000079', '2019-12-13 09:30:14', '2020-12-15 17:01:31', NULL),
(101, 'PARSINI', '000080', '2019-12-13 09:30:43', '2020-12-15 17:02:00', NULL),
(102, 'TETY ROMAIDA SITUMORANG', '000081', '2019-12-13 09:31:09', '2022-01-26 13:57:53', NULL),
(103, '-', '000082', '2019-12-13 09:31:48', '2021-06-12 10:06:41', '0000-00-00 00:00:00'),
(104, 'MASKINAH', '000083', '2019-12-13 09:32:23', '2020-12-15 17:02:59', NULL),
(105, '-', '000046', '2019-12-13 10:38:52', '2021-03-31 11:57:46', NULL),
(107, 'NURHASANAH', '000086', '2019-12-13 10:40:00', '2021-06-15 13:38:46', NULL),
(108, 'Sri Wahyuni', '000156', '2019-12-13 10:40:24', '2021-06-28 10:12:35', NULL),
(109, 'MURSINAH', '000088', '2019-12-13 10:40:52', '2021-06-15 13:39:49', NULL),
(110, 'MAYASARI', '000089', '2019-12-13 10:41:42', '2020-12-15 17:05:56', NULL),
(111, '-', '000090', '2019-12-13 10:42:20', '2021-12-24 14:30:29', NULL),
(112, 'EMI SUKESI', '000091', '2019-12-13 10:42:59', '2020-12-15 17:06:51', NULL),
(113, 'NATIA', '000092', '2019-12-13 10:43:18', '2020-12-15 17:07:16', NULL),
(114, 'JOKO WAHYUDI', '000093', '2019-12-13 10:43:52', '2022-03-01 16:21:07', NULL),
(115, 'MUSLIMAH', '000094', '2019-12-13 10:44:35', '2021-10-30 11:37:34', NULL),
(116, '-', '000095', '2019-12-13 10:44:55', '2020-12-15 17:09:00', NULL),
(117, 'DILLAH', '000096', '2019-12-13 10:45:18', '2020-12-15 17:09:37', NULL),
(118, 'SUSILAWATI', '000097', '2019-12-13 10:45:43', '2020-12-15 17:10:10', NULL),
(120, 'HARYANI', '000098', '2020-04-16 10:41:08', '2021-12-27 10:06:04', NULL),
(121, '-', '000115', '2020-04-16 11:40:25', '2020-07-21 10:40:50', NULL),
(122, 'Denni Sammi Hutagalung', '000133', '2020-04-16 11:40:55', '2020-12-15 17:11:36', NULL),
(123, 'NENG NURHAETI', '000099', '2020-05-13 13:49:33', '2020-12-15 17:12:02', NULL),
(124, '-', '000100', '2020-05-13 13:50:05', '2020-12-15 17:12:28', NULL),
(125, 'KOKOM KOMARIAH', '000101', '2020-05-13 13:51:29', '2021-06-08 11:19:13', NULL),
(126, 'Sugiarti', '000102', '2020-05-13 13:51:51', '2020-12-16 08:14:21', NULL),
(127, '-', '000103', '2020-05-13 13:52:12', '2020-12-16 08:15:36', NULL),
(128, 'HERBINA TAMBUNAN', '000104', '2020-05-13 13:52:49', '2020-12-16 08:16:11', NULL),
(129, 'WINARSIH', '000105', '2020-05-13 13:53:07', '2021-10-08 08:46:41', NULL),
(130, '-', '000106', '2020-05-13 13:53:26', '2020-12-16 08:18:40', NULL),
(131, 'Kaswati', '000107', '2020-05-13 13:53:44', '2021-06-15 13:39:30', NULL),
(133, 'Deli Irmawati', '000109', '2020-05-13 13:54:36', '2020-12-16 08:20:07', NULL),
(134, '-', '000110', '2020-05-13 13:54:53', '2020-12-16 08:20:46', NULL),
(135, 'Sutiwen', '000111', '2020-05-13 13:55:10', '2020-12-16 08:21:11', NULL),
(136, 'MUNTIANIH', '000112', '2020-05-13 13:55:29', '2021-06-28 13:39:33', NULL),
(138, '-', '000114', '2020-05-13 13:56:11', '2020-12-16 08:22:37', NULL),
(140, 'Chumaesiyah', '000117', '2020-05-13 14:18:29', '2020-07-21 10:41:02', NULL),
(143, '-', '000120', '2020-05-13 14:19:23', '2020-07-21 10:41:19', NULL),
(144, 'Nurhasanah Sapkur', '000121', '2020-05-13 14:19:48', '2021-05-27 14:41:34', NULL),
(145, '-', '000122', '2020-05-13 14:20:06', '2020-07-21 10:46:19', NULL),
(146, '-', '000123', '2020-05-13 14:20:25', '2020-07-21 10:46:30', NULL),
(147, 'Marleni', '000124', '2020-05-13 14:20:41', '2020-07-21 10:47:13', NULL),
(148, '-', '000125', '2020-05-13 14:21:04', '2020-07-21 10:47:03', NULL),
(151, 'Nurmaningsih', '000128', '2020-05-13 14:22:00', '2020-07-21 10:46:52', NULL),
(152, 'Siti Khodijah', '000129', '2020-05-13 14:22:19', '2020-07-21 10:46:42', NULL),
(153, '-', '000130', '2020-05-13 14:22:36', '2020-07-21 10:47:23', NULL),
(154, '-', '000131', '2020-05-13 14:22:58', '2020-07-21 10:47:45', NULL),
(155, 'Rohinah', '000132', '2020-05-13 14:23:12', '2020-07-21 10:47:35', NULL),
(156, 'Bella Ramondang', '000134', '2020-05-13 14:33:44', '2020-12-16 08:22:57', NULL),
(157, 'SRI HARYANTI', '000135', '2020-05-13 14:34:03', NULL, NULL),
(158, 'Sriyati', '000136', '2020-05-13 14:34:23', '2020-12-16 08:23:18', NULL),
(159, 'Samiri', '000137', '2020-05-13 14:34:41', '2020-12-16 08:23:42', NULL),
(160, 'Linda Fadilah', '000138', '2020-05-13 14:35:01', '2021-01-08 08:39:59', NULL),
(161, 'ROFIQOH', '000139', '2020-05-13 14:35:19', '2020-12-16 08:24:33', NULL),
(162, 'Neneng Rahma', '000140', '2020-05-13 14:35:40', '2020-12-16 08:26:12', NULL),
(163, 'SARIAH', '000141', '2020-05-13 14:36:06', NULL, NULL),
(164, 'Endang Falupi', '000142', '2020-05-13 14:36:24', '2020-12-16 08:26:38', NULL),
(165, 'Usmini', '000143', '2020-05-13 14:36:56', '2020-12-16 08:26:58', NULL),
(166, 'Erniwati', '000144', '2020-05-13 14:37:15', '2021-06-15 13:40:14', NULL),
(167, 'NURAINI', '000145', '2020-05-13 14:37:33', '2020-12-16 08:28:04', NULL),
(168, 'RENI OKTAVIANI', '000146', '2020-05-13 14:37:52', '2020-12-16 08:28:39', NULL),
(169, '-', '000147', '2020-05-13 14:38:10', '2020-12-16 08:29:00', NULL),
(170, '-', '000148', '2020-05-13 14:38:27', '2020-12-16 08:32:14', NULL),
(171, 'Noviyanti', '000149', '2020-05-13 14:38:47', '2020-12-16 08:29:29', NULL),
(172, 'NURHOMSAH', '000150', '2020-05-13 14:39:02', NULL, NULL),
(173, 'Astri Yaningsih', '000151', '2020-05-13 14:39:21', '2020-12-16 08:34:18', NULL),
(174, 'SITI FATIMAH', '000152', '2020-07-02 08:44:05', '2020-12-16 08:35:06', NULL),
(175, '-', '000153', '2020-07-02 08:44:29', '2020-12-16 08:36:04', NULL),
(176, 'NURANI', '000154', '2020-07-15 10:37:15', '2020-12-16 08:36:45', NULL),
(177, 'IRWAN', '000085', '2020-07-22 11:33:14', '2020-12-16 08:37:17', NULL),
(178, 'Evi Hartanti', '000113', '2020-08-22 11:07:05', '2021-06-08 11:27:28', NULL),
(179, '-', '000159', '2020-09-03 09:10:38', NULL, NULL),
(180, '-', '000160', '2020-12-08 16:12:09', '2021-06-28 13:39:56', NULL),
(182, 'JURIAH', '000155', '2021-02-09 16:09:29', '2021-10-08 08:47:09', NULL),
(183, '-', '000058', '2021-02-09 16:10:52', '2021-11-13 12:09:09', NULL),
(184, 'JINEM ', '000055', '2021-02-09 16:13:48', '2021-08-20 13:27:31', NULL),
(185, 'SITI HARYANI', '000048', '2021-02-22 15:33:35', '2021-07-06 10:26:50', NULL),
(186, 'Iman', '000161', '0000-00-00 00:00:00', '2021-09-13 15:04:50', NULL),
(187, 'MARSINI', '000162', '0000-00-00 00:00:00', '2021-09-13 15:05:11', NULL),
(188, 'Nina', '000163', '0000-00-00 00:00:00', '2021-09-13 15:05:32', NULL),
(189, 'Susanti', '000164', '0000-00-00 00:00:00', '2021-09-13 15:05:56', NULL),
(190, 'Nani Yuningsih', '000165', '0000-00-00 00:00:00', '2021-10-09 09:49:00', NULL),
(191, '-', '000166', '0000-00-00 00:00:00', '2021-12-09 10:28:30', NULL),
(192, 'Suwarni Tanjung', '000167', '0000-00-00 00:00:00', '2021-09-13 15:06:42', NULL),
(193, 'Sarifah', '000168', '0000-00-00 00:00:00', '2021-09-13 15:07:02', NULL),
(194, 'Sri Miniati', '000169', '0000-00-00 00:00:00', '2021-09-13 15:07:21', NULL),
(195, 'Warni', '000170', '0000-00-00 00:00:00', '2021-09-13 15:10:27', NULL),
(196, 'MULYANAH', '000171', '0000-00-00 00:00:00', '2021-12-09 16:04:19', NULL),
(197, '-', '000172', '0000-00-00 00:00:00', '2021-11-05 15:23:52', NULL),
(198, 'YOHANES', '000173', '0000-00-00 00:00:00', '2021-12-09 16:06:32', NULL),
(199, 'Tri Muhsonah', '000174', '0000-00-00 00:00:00', '2021-09-13 15:13:02', NULL),
(200, 'Eny Rivawaty', '000175', '0000-00-00 00:00:00', '2021-10-22 10:03:20', NULL),
(201, 'Maryati', '000176', '0000-00-00 00:00:00', '2021-09-13 15:14:00', NULL),
(202, 'Abdul Basit', '000177', '0000-00-00 00:00:00', '2021-09-13 15:14:17', NULL),
(203, 'Rani Lestari', '000178', '0000-00-00 00:00:00', '2021-09-13 15:14:32', NULL),
(204, '-', '000179', '0000-00-00 00:00:00', '2021-11-02 11:06:11', NULL),
(205, 'Azis Taklim', '000180', '0000-00-00 00:00:00', '2021-11-02 11:06:43', NULL),
(206, 'Kurniasih', '000181', '0000-00-00 00:00:00', '2021-09-27 15:47:46', NULL),
(207, 'Murtofingah', '000182', '0000-00-00 00:00:00', '2021-09-27 15:48:10', NULL),
(208, 'Dahlia', '000183', '0000-00-00 00:00:00', '2021-09-27 15:49:28', NULL),
(209, '-', '000184', '0000-00-00 00:00:00', '2021-09-27 15:49:59', NULL),
(210, 'Irma Suryani', '000185', '0000-00-00 00:00:00', '2021-09-27 15:50:20', NULL),
(211, 'NURKABAETI ', '000186', '0000-00-00 00:00:00', '2021-09-27 15:50:41', NULL),
(212, 'NIKI', '000203', '0000-00-00 00:00:00', '2021-12-09 16:10:48', NULL),
(213, '-', '000188', '0000-00-00 00:00:00', '0000-00-00 00:00:00', NULL),
(214, '-', '000189', '0000-00-00 00:00:00', '0000-00-00 00:00:00', NULL),
(215, 'Rosmiati', '000190', '0000-00-00 00:00:00', '0000-00-00 00:00:00', NULL),
(216, '-', '000191', '0000-00-00 00:00:00', '2021-12-09 10:31:36', NULL),
(217, '-', '000192', '0000-00-00 00:00:00', '2021-12-09 10:32:27', NULL),
(218, '-', '000193', '0000-00-00 00:00:00', '0000-00-00 00:00:00', NULL),
(219, '-', '000194', '0000-00-00 00:00:00', '2021-12-09 10:33:05', NULL),
(220, 'TRI SULANI', '000195', '0000-00-00 00:00:00', '2021-12-09 10:33:27', NULL),
(221, '-', '000196', '0000-00-00 00:00:00', '0000-00-00 00:00:00', NULL),
(222, '-', '000197', '0000-00-00 00:00:00', '0000-00-00 00:00:00', NULL),
(223, 'Yuliyanti', '000198', '0000-00-00 00:00:00', '2021-12-09 10:34:28', NULL),
(224, '-', '000199', '0000-00-00 00:00:00', '2021-12-09 10:33:57', NULL),
(225, '-', '000200', '0000-00-00 00:00:00', '0000-00-00 00:00:00', NULL),
(226, '-', '000201', '0000-00-00 00:00:00', '0000-00-00 00:00:00', NULL),
(227, '-', '000202', '0000-00-00 00:00:00', '0000-00-00 00:00:00', NULL),
(228, '-', '000230', '0000-00-00 00:00:00', '2021-12-09 10:35:21', '0000-00-00 00:00:00'),
(229, '-', '000204', '0000-00-00 00:00:00', '2021-10-15 14:10:50', NULL),
(230, '', '000267', '0000-00-00 00:00:00', '2021-10-15 15:51:22', '0000-00-00 00:00:00'),
(231, '-', '000206', '0000-00-00 00:00:00', '2021-09-29 15:15:19', NULL),
(232, 'MALILA', '000207', '0000-00-00 00:00:00', '2021-12-09 10:35:46', NULL),
(233, '-', '000208', '0000-00-00 00:00:00', '2021-12-09 10:36:02', NULL),
(234, 'Siti Junengsih', '000209', '0000-00-00 00:00:00', '2022-01-10 16:57:34', NULL),
(235, 'Sri Wahyuni', '000210', '0000-00-00 00:00:00', '2021-12-09 10:37:11', NULL),
(236, 'Siti Komariah', '000211', '0000-00-00 00:00:00', '2021-12-06 14:42:21', NULL),
(237, 'SURATI', '000212', '0000-00-00 00:00:00', '2021-12-09 16:07:15', NULL),
(238, 'PURWATI', '000187', '0000-00-00 00:00:00', '0000-00-00 00:00:00', NULL),
(239, '-', '000214', '0000-00-00 00:00:00', '2021-12-03 13:56:49', NULL),
(240, 'INDAH YATI', '000215', '0000-00-00 00:00:00', '2021-12-09 10:41:13', NULL),
(241, 'ROSIDA', '000216', '0000-00-00 00:00:00', '2022-01-24 11:43:29', NULL),
(242, 'Siti Rubiah', '000217', '0000-00-00 00:00:00', '2022-01-14 08:19:26', NULL),
(243, 'Adi Suretno', '000218', '0000-00-00 00:00:00', '2021-12-06 14:51:05', NULL),
(244, 'Fitri Arliani', '000219', '0000-00-00 00:00:00', '0000-00-00 00:00:00', NULL),
(245, 'Putri Dewi', '000220', '0000-00-00 00:00:00', '0000-00-00 00:00:00', NULL),
(246, 'Muniroh', '000221', '0000-00-00 00:00:00', '0000-00-00 00:00:00', NULL),
(247, 'Nanik Susanti', '000222', '0000-00-00 00:00:00', '2021-12-09 10:42:15', NULL),
(248, 'Sumiyati', '000223', '0000-00-00 00:00:00', '2021-12-09 10:42:34', NULL),
(249, '-', '000224', '0000-00-00 00:00:00', '0000-00-00 00:00:00', NULL),
(250, 'SRI LESTARI', '000225', '0000-00-00 00:00:00', '0000-00-00 00:00:00', NULL),
(251, 'Lita Nurhayati', '000226', '0000-00-00 00:00:00', '2021-12-09 10:43:00', NULL),
(252, 'Nia Yuliyanti', '000227', '0000-00-00 00:00:00', '2021-12-09 10:43:20', NULL),
(253, '-', '000228', '0000-00-00 00:00:00', '0000-00-00 00:00:00', '0000-00-00 00:00:00'),
(254, '-', '000229', '0000-00-00 00:00:00', '0000-00-00 00:00:00', NULL),
(255, 'SURYANAH', '000205', '0000-00-00 00:00:00', '2021-12-09 16:11:16', NULL),
(256, 'YATI', '000231', '0000-00-00 00:00:00', '2021-10-15 14:18:37', NULL),
(257, 'Mulyanih', '000232', '0000-00-00 00:00:00', '2021-12-09 10:43:55', NULL),
(258, 'INTAN SUWENO', '000233', '0000-00-00 00:00:00', '2022-01-04 13:18:54', NULL),
(259, '-', '000234', '0000-00-00 00:00:00', '0000-00-00 00:00:00', NULL),
(260, 'Asmawaty', '000235', '0000-00-00 00:00:00', '0000-00-00 00:00:00', NULL),
(261, '-', '000236', '0000-00-00 00:00:00', '0000-00-00 00:00:00', NULL),
(262, '-', '000237', '0000-00-00 00:00:00', '0000-00-00 00:00:00', NULL),
(263, 'RINI', '000238', '0000-00-00 00:00:00', '0000-00-00 00:00:00', NULL),
(264, '-', '000239', '0000-00-00 00:00:00', '2021-12-09 10:44:32', NULL),
(265, '-', '000240', '0000-00-00 00:00:00', '2021-12-09 10:35:00', NULL),
(266, '-', '000241', '0000-00-00 00:00:00', '0000-00-00 00:00:00', NULL),
(267, '-', '000242', '0000-00-00 00:00:00', '0000-00-00 00:00:00', NULL),
(268, '-', '000243', '0000-00-00 00:00:00', '0000-00-00 00:00:00', NULL),
(269, '-', '000244', '0000-00-00 00:00:00', '0000-00-00 00:00:00', NULL),
(270, 'NURHAYATI', '000245', '2021-03-24 11:23:45', '2021-12-09 16:08:02', NULL),
(271, 'DEWI KANIAWATI', '000246', '2021-03-24 11:24:50', '2021-09-30 14:50:09', NULL),
(272, 'SUHAIBATUL', '000247', '2021-03-24 11:25:47', NULL, NULL),
(273, 'SARTIKASARI', '000248', '2021-03-24 11:26:36', NULL, NULL),
(274, 'AGUSTINA', '000249', '2021-03-24 11:27:29', '2021-12-09 10:45:14', NULL),
(275, 'Siska Dewi', '000250', '2021-03-24 11:28:17', '2021-11-02 11:07:13', NULL),
(276, 'Surahmi', '000251', '2021-03-24 11:29:01', '2021-09-30 14:48:45', NULL),
(277, 'ANIH', '000252', '2021-03-24 11:29:48', NULL, NULL),
(278, 'RIFKA', '000253', '2021-03-24 11:30:36', '2022-01-10 13:29:41', NULL),
(279, 'SOLIHATI', '000254', '2021-03-24 11:31:34', NULL, NULL),
(280, '-', '000255', '2021-03-24 11:32:47', '2021-12-09 10:45:38', NULL),
(281, 'DEWI', '000256', '2021-03-24 11:33:31', NULL, NULL),
(282, 'PARSI', '000257', '2021-03-24 11:34:11', NULL, NULL),
(283, 'PESTA NATALIA', '000258', '2021-03-24 11:34:59', NULL, NULL),
(284, 'Nuning Hernawati', '000259', '2021-03-24 11:36:08', '2021-12-09 16:08:49', NULL),
(285, 'NILAM KAHFI BAIN', '000260', '2021-03-24 11:36:38', '2022-02-14 09:52:44', NULL),
(286, 'Fitri Yuliani', '000241', '2021-04-30 14:33:12', NULL, NULL),
(287, 'WINDI WIDIASTUTI', '000261', '2021-05-27 14:48:35', '2021-09-23 11:47:15', NULL),
(288, 'HENNY NURHAYATI', '000262', '2021-07-15 08:49:28', '2021-12-09 16:09:26', NULL),
(289, '-', '000263', '2021-07-15 08:50:05', '2022-02-14 09:55:50', NULL),
(290, 'WILANDA WULANDARI', '000264', '2021-07-15 08:50:23', '2021-10-08 08:47:33', NULL),
(291, 'DIAH ROSALINAH', '000268', '2021-09-29 14:14:50', '2022-01-10 13:28:31', NULL),
(292, '-', '000266', '2021-09-29 14:15:46', '2022-01-10 13:27:44', NULL),
(295, '-', '000009', '0000-00-00 00:00:00', NULL, NULL),
(296, 'DIANA HASTUTI', '000265', '2022-03-16 10:01:23', NULL, NULL),
(297, 'Nawiyah', '000269', '2022-09-20 14:58:43', NULL, NULL),
(298, 'SAYUTI', '000270', '2022-09-20 15:12:49', NULL, NULL),
(299, 'NANIK OKTAVIA', '000271', '2022-09-20 15:16:38', NULL, NULL),
(300, 'NUR CHOTIJAH', '000272', '2022-09-20 15:18:44', NULL, NULL),
(301, 'NURBAYU', '000273', '2022-09-20 15:19:32', NULL, NULL),
(302, 'SUMIYATI', '000274', '2022-09-20 15:21:15', NULL, NULL),
(303, 'NURZAENAH', '000275', '2022-09-20 15:22:01', NULL, NULL),
(304, 'LINDA LESTARI', '000276', '2022-09-20 15:23:30', NULL, NULL),
(305, 'NENG AGUS', '000277', '2022-09-20 15:24:16', NULL, NULL),
(306, '-', '000278', '2022-09-20 15:30:34', NULL, NULL),
(307, 'TOHARIAH', '000279', '2022-09-20 15:31:11', NULL, NULL),
(308, 'MIMIN MINTRIYANI', '000280', '2022-09-20 15:32:00', NULL, NULL),
(309, 'ENDANG', '000281', '2022-09-20 15:33:38', NULL, NULL),
(310, 'ETI RAHMAWATI', '000282', '2022-09-20 15:35:23', NULL, NULL),
(311, 'SUPARNI', '000283', '2022-09-20 15:37:55', NULL, NULL),
(312, 'KAMISIH', '000284', '2022-09-20 15:38:31', NULL, NULL),
(313, 'SRI MULYATI', '000285', '2022-09-20 15:40:08', NULL, NULL),
(314, 'NENI RUKMINI', '000286', '2022-09-20 15:41:01', NULL, NULL),
(315, 'SUPENTI', '000287', '2022-09-20 15:45:19', NULL, NULL),
(316, '-', '000290', '2022-09-20 15:48:38', NULL, NULL),
(317, 'EUIS HANDAYANI', '000289', '2022-09-20 15:49:27', NULL, NULL),
(318, '-', '000299', '2022-09-20 15:50:19', NULL, NULL),
(319, 'AYUNISA', '000291', '2022-09-20 15:51:46', NULL, NULL),
(320, 'MUHAMAD YUSUF', '000292', '2022-09-20 15:53:37', NULL, NULL),
(321, 'EVI SAVITRI', '000293', '2022-09-20 15:54:52', NULL, NULL),
(322, 'DWI SUTARTI', '000294', '2022-09-24 11:36:44', NULL, NULL),
(323, 'FITTA DUWI ASTUTIK', '000295', '2022-09-24 11:37:39', NULL, NULL),
(324, 'HIKMAWATI', '000296', '2022-09-24 11:40:32', NULL, NULL),
(325, 'DEVI NOVITA SARI', '000297', '2022-09-24 11:42:52', NULL, NULL),
(326, 'SARIPUDIN', '000298', '2022-10-17 11:13:09', NULL, NULL),
(327, '-', '000300', '2022-11-15 11:24:46', NULL, NULL),
(328, 'PUTRI NUR AINI', '000301', '2022-12-07 10:48:07', NULL, NULL),
(329, '-', '000302', '2023-02-16 13:55:10', NULL, NULL);

-- --------------------------------------------------------

--
-- Struktur dari tabel `tb_nilai`
--

CREATE TABLE `tb_nilai` (
  `id` int(11) NOT NULL,
  `nilai` varchar(10) NOT NULL,
  `harga` double NOT NULL,
  `deleted_date` datetime DEFAULT NULL
) ENGINE=InnoDB DEFAULT CHARSET=utf8mb4;

--
-- Dumping data untuk tabel `tb_nilai`
--

INSERT INTO `tb_nilai` (`id`, `nilai`, `harga`, `deleted_date`) VALUES
(1, 'A', 8000, NULL),
(2, 'B', 3000, NULL),
(3, 'C', 0, NULL);

-- --------------------------------------------------------

--
-- Struktur dari tabel `tb_penilaian`
--

CREATE TABLE `tb_penilaian` (
  `id` int(11) NOT NULL,
  `karyawan_id` int(11) NOT NULL,
  `id_nilai` int(11) NOT NULL,
  `jumlah` int(11) NOT NULL,
  `periode_id` int(11) NOT NULL,
  `status` int(11) NOT NULL COMMENT '0 = menunggu approve mandor, 1 = menunggu approve departemen, 2 = menunggu pembayaran',
  `tarik_hrd` int(1) NOT NULL DEFAULT '0'
) ENGINE=InnoDB DEFAULT CHARSET=utf8mb4;

--
-- Dumping data untuk tabel `tb_penilaian`
--

INSERT INTO `tb_penilaian` (`id`, `karyawan_id`, `id_nilai`, `jumlah`, `periode_id`, `status`, `tarik_hrd`) VALUES
(24440, 202, 1, 5, 77, 2, 1),
(24441, 202, 2, 5, 77, 2, 1),
(24442, 202, 3, 0, 77, 2, 1),
(24443, 277, 1, 8, 77, 2, 1),
(24444, 277, 2, 2, 77, 2, 1),
(24445, 277, 3, 0, 77, 2, 1),
(24446, 274, 1, 7, 77, 2, 1),
(24447, 274, 2, 0, 77, 2, 1),
(24448, 274, 3, 0, 77, 2, 1),
(24449, 205, 1, 10, 77, 2, 1),
(24450, 205, 2, 0, 77, 2, 1),
(24451, 205, 3, 0, 77, 2, 1),
(24452, 208, 1, 5, 77, 2, 1),
(24453, 208, 2, 0, 77, 2, 1),
(24454, 208, 3, 0, 77, 2, 1),
(24455, 156, 1, 5, 77, 2, 1),
(24456, 156, 2, 2, 77, 2, 1),
(24457, 156, 3, 0, 77, 2, 1);

-- --------------------------------------------------------

--
-- Struktur dari tabel `tb_periode`
--

CREATE TABLE `tb_periode` (
  `id` int(11) NOT NULL,
  `awal_periode` timestamp NULL DEFAULT NULL,
  `akhir_periode` timestamp NULL DEFAULT NULL,
  `created_date` datetime NOT NULL DEFAULT CURRENT_TIMESTAMP,
  `updated_date` datetime DEFAULT NULL
) ENGINE=InnoDB DEFAULT CHARSET=utf8mb4;

--
-- Dumping data untuk tabel `tb_periode`
--

INSERT INTO `tb_periode` (`id`, `awal_periode`, `akhir_periode`, `created_date`, `updated_date`) VALUES
(1, '2023-06-16 08:00:01', NULL, '2023-07-05 16:51:32', NULL);

-- --------------------------------------------------------

--
-- Struktur dari tabel `tb_user`
--

CREATE TABLE `tb_user` (
  `id` int(11) NOT NULL,
  `nama` varchar(45) NOT NULL,
  `username` varchar(20) NOT NULL,
  `password` varchar(45) NOT NULL,
  `role_id` int(11) NOT NULL
) ENGINE=InnoDB DEFAULT CHARSET=latin1;

--
-- Dumping data untuk tabel `tb_user`
--

INSERT INTO `tb_user` (`id`, `nama`, `username`, `password`, `role_id`) VALUES
(1, 'qc', 'qc', '5f4dcc3b5aa765d61d8327deb882cf99', 1),
(2, 'mandor', 'mandor', '5f4dcc3b5aa765d61d8327deb882cf99', 2),
(3, 'departemen', 'departemen', '5f4dcc3b5aa765d61d8327deb882cf99', 3),
(4, 'hrd', 'hrd', '5f4dcc3b5aa765d61d8327deb882cf99', 4);

--
-- Indexes for dumped tables
--

--
-- Indeks untuk tabel `tb_karyawan`
--
ALTER TABLE `tb_karyawan`
  ADD PRIMARY KEY (`id`);

--
-- Indeks untuk tabel `tb_nilai`
--
ALTER TABLE `tb_nilai`
  ADD PRIMARY KEY (`id`);

--
-- Indeks untuk tabel `tb_penilaian`
--
ALTER TABLE `tb_penilaian`
  ADD PRIMARY KEY (`id`);

--
-- Indeks untuk tabel `tb_periode`
--
ALTER TABLE `tb_periode`
  ADD PRIMARY KEY (`id`);

--
-- Indeks untuk tabel `tb_user`
--
ALTER TABLE `tb_user`
  ADD PRIMARY KEY (`id`);

--
-- AUTO_INCREMENT untuk tabel yang dibuang
--

--
-- AUTO_INCREMENT untuk tabel `tb_karyawan`
--
ALTER TABLE `tb_karyawan`
  MODIFY `id` int(11) NOT NULL AUTO_INCREMENT, AUTO_INCREMENT=330;

--
-- AUTO_INCREMENT untuk tabel `tb_nilai`
--
ALTER TABLE `tb_nilai`
  MODIFY `id` int(11) NOT NULL AUTO_INCREMENT, AUTO_INCREMENT=6;

--
-- AUTO_INCREMENT untuk tabel `tb_penilaian`
--
ALTER TABLE `tb_penilaian`
  MODIFY `id` int(11) NOT NULL AUTO_INCREMENT, AUTO_INCREMENT=24458;

--
-- AUTO_INCREMENT untuk tabel `tb_periode`
--
ALTER TABLE `tb_periode`
  MODIFY `id` int(11) NOT NULL AUTO_INCREMENT, AUTO_INCREMENT=2;

--
-- AUTO_INCREMENT untuk tabel `tb_user`
--
ALTER TABLE `tb_user`
  MODIFY `id` int(11) NOT NULL AUTO_INCREMENT, AUTO_INCREMENT=5;
COMMIT;

/*!40101 SET CHARACTER_SET_CLIENT=@OLD_CHARACTER_SET_CLIENT */;
/*!40101 SET CHARACTER_SET_RESULTS=@OLD_CHARACTER_SET_RESULTS */;
/*!40101 SET COLLATION_CONNECTION=@OLD_COLLATION_CONNECTION */;
